{"cameraMode":{"drawMode":0,"name":"Shaded","section":"Shading Mode"},"sceneLighting":true,"audioPlay":false,"sceneViewState":{"showFog":true,"showMaterialUpdate":false,"showSkybox":true,"showFlares":true,"showImageEffects":true,"showParticleSystems":true},"in2DMode":false,"pivot":{"x":4.013755798339844,"y":0.021926701068878175,"z":-2.6929802894592287},"rotation":{"x":-0.14048373699188233,"y":0.2366408258676529,"z":0.034602053463459018,"w":0.9607741236686707},"size":0.8660261631011963,"orthographic":false}