{"cameraMode":{"drawMode":0,"name":"Shaded","section":"Shading Mode"},"sceneLighting":true,"audioPlay":false,"sceneViewState":{"showFog":true,"showMaterialUpdate":false,"showSkybox":true,"showFlares":true,"showImageEffects":true,"showParticleSystems":true},"in2DMode":false,"pivot":{"x":1.0611599683761597,"y":1.159217357635498,"z":0.2071518898010254},"rotation":{"x":0.04034404829144478,"y":0.9592098593711853,"z":-0.1822974979877472,"w":0.21228432655334474},"size":3.5464444160461427,"orthographic":false}